,precision,recall,f1-score,support
0,0.6357475300073487,0.7095598286703727,0.670628768303187,10973.0
1,0.6068829406685581,0.5244643428205948,0.5626715462031107,9381.0
accuracy,0.624250761521077,0.624250761521077,0.624250761521077,0.624250761521077
macro avg,0.6213152353379534,0.6170120857454837,0.6166501572531489,20354.0
weighted avg,0.6224440656962946,0.624250761521077,0.6208721258485924,20354.0
