,precision,recall,f1-score,support
0,0.8218702538511607,0.8862891904539073,0.852865023077789,8548.0
1,0.8511713367018833,0.7719761144285516,0.8096417127876493,7201.0
accuracy,0.8340212076957267,0.8340212076957267,0.8340212076957267,0.8340212076957267
macro avg,0.836520795276522,0.8291326524412295,0.8312533679327192,15749.0
weighted avg,0.8352677456035293,0.8340212076957267,0.8331017963713762,15749.0
